{
    "1": {
        "a": 1.8077308109828405,
        "b": 1.8893073002497356,
        "c": 1.8449642360210419,
        "d": 1.8687816858291626,
        "e": 2.003837466239929,
        "f": 1.8802309036254883,
        "g": 1.867519497871399,
        "h": 1.8570740520954132,
        "i": 1.7560539926801408,
        "j": 1.8183148205280304,
        "k": 1.8251537084579468,
        "l": 1.8044301867485046,
        "m": 1.840662161509196,
        "n": 1.8343050181865692,
        "o": 1.8521282374858856,
        "p": 1.797184427579244,
        "q": 1.82958322763443,
        "r": 1.8114663192204066,
        "s": 1.818671852350235,
        "t": 1.8108477890491486,
        "u": 1.8432012796401978,
        "v": 1.7848284925733293,
        "w": 1.8159246104104179,
        "x": 1.8694119453430176,
        "y": 1.8337272703647614,
        "z": 1.87527334690094,
        "A": 1.835200935602188,
        "B": 1.8479345526014055,
        "C": 1.8742915562220983,
        "D": 1.8290413447788783,
        "E": 1.8071039915084839,
        "F": 1.8663382232189178,
        "G": 1.8287973801294963,
        "H": 1.8505089581012726,
        "I": 1.795364499092102,
        "J": 1.8214190006256104,
        "K": 1.8717081546783447,
        "L": 1.8194239735603333,
        "M": 1.8478054106235504,
        "N": 1.8402002155780792,
        "O": 1.8606065341404505,
        "P": 1.8152921199798584,
        "Q": 1.8174941199166434,
        "R": 1.7994592870984758,
        "S": 1.816200892130534,
        "T": 1.8341915011405945,
        "U": 1.8169354498386383,
        "V": 1.8325905799865723,
        "W": 1.80531112353007,
        "X": 1.832825094461441,
        "Y": 1.8395874798297882,
        "Z": 1.8335024629320418,
        "1": 1.8053109645843506,
        "2": 1.6884420939854212,
        "3": 1.848868489265442,
        "4": 1.8743563379560197,
        "5": 1.845733744757516,
        "6": 1.812993437051773,
        "7": 1.8521554172039032,
        "8": 1.8373259703318279,
        "9": 1.8060669217790877,
        "0": 1.8556923468907673
    },
    "2": {
        "a": 1.8214993476867676,
        "b": 1.8417135179042816,
        "c": 1.8785726130008698,
        "d": 1.8051726520061493,
        "e": 1.8453751007715862,
        "f": 1.8570708887917655,
        "g": 1.8159191608428955,
        "h": 1.8570782116481237,
        "i": 1.835744708776474,
        "j": 1.8539555966854095,
        "k": 1.8579051835196358,
        "l": 1.7899479568004608,
        "m": 1.8091980516910553,
        "n": 1.8658457142966134,
        "o": 1.8757972036089217,
        "p": 1.8634150922298431,
        "q": 1.8614179066249303,
        "r": 1.7871901591618855,
        "s": 1.8025071024894714,
        "t": 1.8581713835398357,
        "u": 1.8614859921591622,
        "v": 1.8551708857218425,
        "w": 1.8240109086036682,
        "x": 1.8161386847496033,
        "y": 1.8728186403002058,
        "z": 1.635330617427826,
        "A": 1.8578367914472307,
        "B": 1.817465215921402,
        "C": 1.8726969957351685,
        "D": 1.8064029897962297,
        "E": 1.8223248720169067,
        "F": 1.9028777735573905,
        "G": 1.8960217067173548,
        "H": 1.7870776312691825,
        "I": 1.7875875404902868,
        "J": 1.8570225834846497,
        "K": 1.8366456925868988,
        "L": 1.8339478075504303,
        "M": 1.8452464103698731,
        "N": 1.869731834956578,
        "O": 1.8864954539707728,
        "P": 1.8909042676289876,
        "Q": 1.8526119887828827,
        "R": 1.8375998735427856,
        "S": 1.8328787684440613,
        "T": 1.8381425993783134,
        "U": 1.7937480807304382,
        "V": 1.8056752000536238,
        "W": 1.8381568491458893,
        "X": 1.863248884677887,
        "Y": 1.8276180922985077,
        "Z": 1.8478199243545532,
        "1": 1.849170105797904,
        "2": 1.6792081083570207,
        "3": 1.888108287538801,
        "4": 1.8383026917775471,
        "5": 1.7933008330208915,
        "6": 1.8317543029785157,
        "7": 1.844696084658305,
        "8": 1.76615571975708,
        "9": 1.8265071213245392,
        "0": 1.8539719879627228
    },
    "3": {
        "a": 1.8516371931348528,
        "b": 1.870406014578683,
        "c": 1.8361711161477225,
        "d": 1.8092823326587677,
        "e": 1.8114980459213257,
        "f": 1.8371230363845825,
        "g": 1.8105462491512299,
        "h": 1.8318783283233642,
        "i": 1.8038895726203918,
        "j": 1.7905851432255335,
        "k": 1.8426533043384552,
        "l": 1.8432435989379883,
        "m": 1.7861558198928833,
        "n": 1.8306961740766252,
        "o": 1.8470499118169148,
        "p": 1.8341771960258484,
        "q": 1.7838193689073836,
        "r": 1.8860650062561035,
        "s": 1.8430988107408797,
        "t": 1.8431755602359772,
        "u": 1.7831021149953206,
        "v": 1.8353870809078217,
        "w": 1.8041613101959229,
        "x": 1.880258423941476,
        "y": 1.839661329984665,
        "z": 1.6824963688850403,
        "A": 1.8302236000696819,
        "B": 1.8792336285114288,
        "C": 1.7725580334663391,
        "D": 1.7990440845489502,
        "E": 1.862541675567627,
        "F": 1.8558998107910156,
        "G": 1.8492469787597656,
        "H": 1.7985957860946655,
        "I": 1.8273723721504211,
        "J": 1.804021954536438,
        "K": 1.8052833080291748,
        "L": 1.8222041428089142,
        "M": 1.8596102396647136,
        "N": 1.8541957437992096,
        "O": 1.8829037189483642,
        "P": 1.826738953590393,
        "Q": 1.8124445378780365,
        "R": 1.8248510701315743,
        "S": 1.782740695135934,
        "T": 1.8461505472660065,
        "U": 1.8677917420864105,
        "V": 1.7929885983467102,
        "W": 1.793396268572126,
        "X": 1.8711106479167938,
        "Y": 1.8348856568336487,
        "Z": 1.7941029071807861,
        "1": 1.8714464051382882,
        "2": 1.693258136510849,
        "3": 1.8498577177524567,
        "4": 1.8588275015354156,
        "5": 1.79237961769104,
        "6": 1.848228096961975,
        "7": 1.675900161266327,
        "8": 1.8751086294651031,
        "9": 1.8407833874225616,
        "0": 1.8689446449279785
    },
    "4": {
        "a": 1.8298001970563615,
        "b": 1.8236350417137146,
        "c": 1.8275002479553222,
        "d": 1.8173393862588065,
        "e": 1.8393489718437195,
        "f": 1.8653154373168945,
        "g": 1.8127363324165344,
        "h": 1.8025418281555177,
        "i": 1.8335420063563757,
        "j": 1.8605605363845825,
        "k": 1.8507625758647919,
        "l": 1.8514436880747478,
        "m": 1.7000423499516077,
        "n": 1.8320434093475342,
        "o": 1.8277912437915802,
        "p": 1.8000282049179077,
        "q": 1.7991210733141219,
        "r": 1.8189659799848283,
        "s": 1.8150148732321603,
        "t": 1.8692213694254558,
        "u": 1.8747864663600922,
        "v": 1.855664700269699,
        "w": 1.8406741619110107,
        "x": 1.8753627368382044,
        "y": 1.8661065995693207,
        "z": 1.7173283696174622,
        "A": 1.8411015783037459,
        "B": 1.8130550384521484,
        "C": 1.8739582470485143,
        "D": 1.8465493406568254,
        "E": 1.8176484448569161,
        "F": 1.8394736349582672,
        "G": 1.7763030529022217,
        "H": 1.8348092692238944,
        "I": 1.8074701726436615,
        "J": 1.805038183927536,
        "K": 1.8324620723724365,
        "L": 1.832349181175232,
        "M": 1.8035642802715302,
        "N": 1.826950877904892,
        "O": 1.8380282521247864,
        "P": 1.8323134183883667,
        "Q": 1.799128810564677,
        "R": 1.8288053274154663,
        "S": 1.8623111844062805,
        "T": 1.8603611588478088,
        "U": 1.7966498533884685,
        "V": 1.8364201188087463,
        "W": 1.8644844123295374,
        "X": 1.8300210535526276,
        "Y": 1.866038829088211,
        "Z": 1.8257020473480225,
        "1": 1.8820037841796875,
        "2": 1.6248008183070592,
        "3": 1.8501492341359456,