{
    "1": {
        "a": 1.7926971912384033,
        "b": 1.8274174531300862,
        "c": 1.8394291400909424,
        "d": 1.8421437740325928,
        "e": 1.851224660873413,
        "f": 1.8576608385358537,
        "g": 1.8623442947864532,
        "h": 1.8242357798985072,
        "i": 1.8303848107655842,
        "j": 1.8322151388440813,
        "k": 1.6796909400394984,
        "l": 1.8873608708381653,
        "m": 1.832564319883074,
        "n": 1.8565169870853424,
        "o": 1.8434798121452332,
        "p": 1.8371084332466125,
        "q": 1.8283492497035436,
        "r": 1.853790134191513,
        "s": 1.8325473368167877,
        "t": 1.8062666143689836,
        "u": 1.848842978477478,
        "v": 1.8819137513637543,
        "w": 1.819216251373291,
        "x": 1.804029901822408,
        "y": 1.805314540863037,
        "z": 1.823750227689743,
        "A": 1.8247469266255696,
        "B": 1.8009940385818481,
        "C": 1.841453742980957,
        "D": 1.803112953901291,
        "E": 1.8342559933662415,
        "F": 1.8719287599836076,
        "G": 1.8348470330238342,
        "H": 1.8566447496414185,
        "I": 1.8622246469770158,
        "J": 1.8180654048919678,
        "K": 1.7979673147201538,
        "L": 1.8153050243854523,
        "M": 1.805681049823761,
        "N": 1.8565223898206438,
        "O": 1.8540085554122925,
        "P": 1.842807799577713,
        "Q": 1.8173406422138214,
        "R": 1.8337996346609933,
        "S": 1.8227958679199219,
        "T": 1.8274875283241272,
        "U": 1.8172299067179363,
        "V": 1.8552859723567963,
        "W": 1.7712138380323137,
        "X": 1.8256171643733978,
        "Y": 1.8533563137054443,
        "Z": 1.819142460823059,
        "1": 1.835033655166626,
        "2": 1.8975052237510681,
        "3": 1.8314204613367717,
        "4": 1.84464892745018,
        "5": 1.8151004612445831,
        "6": 1.8003610670566559,
        "7": 1.8359513963971819,
        "8": 1.8501266539096832,
        "9": 1.8372224058423723,
        "0": 1.8131255706151326
    },
    "2": {
        "a": 1.8368322253227234,
        "b": 1.8225311551775252,
        "c": 1.7934846878051758,
        "d": 1.799521654844284,
        "e": 1.7909117085593087,
        "f": 1.8240272104740143,
        "g": 1.7648499409357707,
        "h": 1.8208399295806885,
        "i": 1.836039662361145,
        "j": 1.8329960405826569,
        "k": 1.6401949950626917,
        "l": 1.8285339772701263,
        "m": 1.8460191190242767,
        "n": 1.832099403653826,
        "o": 1.8439454691750663,
        "p": 1.8857333660125732,
        "q": 1.8084015250205994,
        "r": 1.8639374375343323,
        "s": 1.806297928094864,
        "t": 1.8489498496055603,
        "u": 1.8079628944396973,
        "v": 1.8207710981369019,
        "w": 1.8314910616193498,
        "x": 1.8664331138134003,
        "y": 1.8187946379184723,
        "z": 1.8229420483112335,
        "A": 1.8562849589756556,
        "B": 1.843341588973999,
        "C": 1.8206221163272858,
        "D": 1.8272727557591029,
        "E": 1.818770706653595,
        "F": 1.8611877262592316,
        "G": 1.8054004311561584,
        "H": 1.8537140488624573,
        "I": 1.8052407105763753,
        "J": 1.810055285692215,
        "K": 1.8224994242191315,
        "L": 1.8137565851211548,
        "M": 1.8473976254463196,
        "N": 1.8191773891448975,
        "O": 1.8235520521799724,
        "P": 1.8351598807743617,
        "Q": 1.8362465500831604,
        "R": 1.8322397470474243,
        "S": 1.8714789152145386,
        "T": 1.870673418045044,
        "U": 1.8495723520006453,
        "V": 1.7683382431666057,
        "W": 1.8489735126495361,
        "X": 1.7908197811671667,
        "Y": 1.8107494711875916,
        "Z": 1.8140345300946916,
        "1": 1.782749613126119,
        "2": 1.830439499446324,
        "3": 1.830280750989914,
        "4": 1.7142088753836495,
        "5": 1.8242372035980225,
        "6": 1.88851032938276,
        "7": 1.87372620900472,
        "8": 1.7932086884975433,
        "9": 1.8245836893717449,
        "0": 1.8666207449776786
    },
    "3": {
        "a": 1.8075408538182576,
        "b": 1.8071418285369873,
        "c": 1.825482815504074,
        "d": 1.8285207152366638,
        "e": 1.8235347611563546,
        "f": 1.8627547323703766,
        "g": 1.7889519929885864,
        "h": 1.790257841348648,
        "i": 1.8001065594809396,
        "j": 1.796708651951381,
        "k": 1.6788495779037476,
        "l": 1.7953058779239655,
        "m": 1.6766241550445558,
        "n": 1.8212148121425085,
        "o": 1.8573381304740906,
        "p": 1.8695147633552551,
        "q": 1.8518764972686768,
        "r": 1.8504217565059662,
        "s": 1.8508397738138835,
        "t": 1.8308590253194172,
        "u": 1.8354715960366386,
        "v": 1.8751473426818848,
        "w": 1.8337504267692566,
        "x": 1.873219758272171,
        "y": 1.8379710912704468,
        "z": 1.8309021472930909,
        "A": 1.8272019624710083,
        "B": 1.8324884970982869,
        "C": 1.8383115359715052,
        "D": 1.856981635093689,
        "E": 1.8874566952387493,
        "F": 1.86687437693278,
        "G": 1.8572862148284912,
        "H": 1.8337535858154297,
        "I": 1.8386165797710419,
        "J": 1.8491302217755998,
        "K": 1.8355167309443157,
        "L": 1.8158739010492961,
        "M": 1.8432040214538574,
        "N": 1.8472197949886322,
        "O": 1.8104995489120483,
        "P": 1.853354045322963,
        "Q": 1.8644010126590729,
        "R": 1.8606781562169392,
        "S": 1.8405948281288147,
        "T": 1.8405811190605164,
        "U": 1.803728461265564,
        "V": 1.8022676706314087,
        "W": 1.907140811284383,
        "X": 1.803359826405843,
        "Y": 1.8186866555895125,
        "Z": 1.8896219253540039,
        "1": 1.8268192836216517,
        "2": 1.839665753500802,
        "3": 1.851225197315216,
        "4": 1.6738490164279938,
        "5": 1.7866947991507394,
        "6": 1.8271134197711945,
        "7": 1.7846795082092286,
        "8": 1.8528047800064087,
        "9": 1.8534607291221619,
        "0": 1.8669245839118958
    },
    "4": {
        "a": 1.8065964835030692,
        "b": 1.8118861019611359,
        "c": 1.8277405202388763,
        "d": 1.8183085918426514,
        "e": 1.8903202414512634,
        "f": 1.8328983187675476,
        "g": 1.8362537452152796,
        "h": 1.835555613040924,
        "i": 1.8243187963962555,
        "j": 1.874829739332199,
        "k": 1.6891310214996338,
        "l": 1.8717557021549769,
        "m": 1.729383150736491,
        "n": 1.8461726605892181,
        "o": 1.8188037872314453,
        "p": 1.8237784206867218,
        "q": 1.8364512579781669,
        "r": 1.827296529497419,
        "s": 1.8389019072055817,
        "t": 1.8204080036708288,
        "u": 1.8438948690891266,
        "v": 1.8148383796215057,
        "w": 1.8217526376247406,
        "x": 1.782679523740496,
        "y": 1.8309838473796844,
        "z": 1.7742406129837036,
        "A": 1.8019909518105643,
        "B": 1.8256208002567291,
        "C": 1.8233139216899872,
        "D": 1.757731705904007,
        "E": 1.818917453289032,
        "F": 1.8497648239135742,
        "G": 1.8574599623680115,
        "H": 1.8511036932468414,
        "I": 1.803154319524765,
        "J": 1.7963226735591888,
        "K": 1.8198557297388713,
        "L": 1.8507225513458252,
        "M": 1.7780101639883858,
        "N": 1.806004217692784,
        "O": 1.8264220654964447,
        "P": 1.8122926652431488,
        "Q": 1.826358288526535,
        "R": 1.8061231076717377,
        "S": 1.8187320572989327,
        "T": 1.8184938728809357,
        "U": 1.8487380232129778,
        "V": 1.8563022017478943,
        "W": 1.8679294288158417,
        "X": 1.8236573338508606,
        "Y": 1.8292908072471619,
        "Z": 1.831971287727356,
        "1": 1.8480059504508972,
        "2": 1.830221563577652,
        "3": 1.8196685314178467,
        "4": 1.686725378036499,